"1","Blair Huffman","qinopasyl@mailinator.com","+1 (679) 625-7868","3"
"2","Alan Forbes","zumoh@mailinator.com","+1 (201) 547-1369","1"
"3","Vivian Workman","tovugiwih@mailinator.com","+1 (999) 133-2629","8"
"4","Jana Powers","mawevuqoho@mailinator.com","+1 (645) 961-8219","8"
"5","Gage Barr","jazozyfufo@mailinator.com","+1 (739) 881-1807","3"
"6","Anthony Peters","riromyniv@mailinator.com","+1 (899) 287-9335","10"
"7","Stewart Beasley","husa@mailinator.com","+1 (682) 999-8651","8"
"8","Lydia Rose","gequta@mailinator.com","+1 (717) 235-9539","5"
"9","Quail Vance","gowat@mailinator.com","+1 (559) 584-3388","2"
"10","Eve Cain","sulidesezo@mailinator.com","+1 (383) 444-3857","4"
"12","Shea Day","kaxof@mailinator.com","+1 (904) 935-9268","2"
"13","Zenaida Craig","gywafyxazi@mailinator.com","+1 (261) 986-1089","4"
"14","Calvin Joyce","dadat@mailinator.com","+1 (439) 374-2455","9"
"15","Ruth Petersen","rihihib@mailinator.com","+1 (575) 969-3846","10"
